# character, uuid
25TH FLOOR STRIKE AGENT, a15f6df4-3726-5e57-b049-3e0d0de031d4
4F DOCTOR, 9e255c6b-966a-524b-a69b-81d81550f623
911 OPERATOR, 3ad52c61-23c9-5aa8-bc05-cb5573504d9f
AARON DAVIS, c3870cc6-04d3-5cf4-8454-29b8dc0ab64f
ABRAHAM BROWN, 2da415ec-683d-5134-aba9-d059701f5e40
ABU, b8edf720-a21f-53d5-8c6d-37f04e393c2e
ACCUSER, 689e4818-a241-5a73-89d8-5312c0d01abc
ACTOR LOKI, 410ceaf3-1e9a-5be0-be51-6e2a17d7d2c1
ACTOR ODIN, 14355e68-ed65-5342-a627-f0fdba9cd926
ACTOR SIF, 8059e85f-2f47-5d87-9791-439e979c5dc9
ACTOR THOR, 030c0b2e-fc30-5e0d-a4f0-d30de3bc0e8b
ADMIRAL, 2dd2e39b-ab73-5bcb-bd07-a38e0aa54573
ADMISSIONS NURSE, 2b89c93e-4ac0-5e68-adc7-91defe49ce76
ADRIAN TOOMES, c30e3539-1b18-57fd-9953-6a5fc04e0189
AGENT, efa1317a-d80e-58ab-9333-978393656bb1
AGENT CALE, 21da565f-3d76-5cd3-add6-b976778badb6
AGENT DELANCEY, b672cf17-72db-5509-a46a-07575a1f496c
AGENT GARRETT, 8e7b1154-531c-5a98-ad75-d41b621d14fb
AGENT JACKSON, 3c00187b-4463-534f-8012-a28afd7f912c
AKIHIKO, 00c70a1a-bfd3-58a1-bf46-b8affb8d1515
ALDRICH KILLIAN, 2cd39dbd-c189-56e7-a8dc-69c50fcbc37b
ALETA, 81df911f-3ee4-5d2c-b1a9-cc59fdbdd004
ALEXANDER PIERCE, f8da0d27-4225-5211-a1da-40624a322234
ALGRIM, 64632b1b-7344-52ed-aa83-9f4dfc364d4f
ALPHA GUARD, a925ecc2-c223-5555-b66e-0b5b24122201
ANCIENT ONE, 68070a50-563f-5d42-ab28-a1b43ae2bf08
ANNE MARIE HOAG, 38260f3c-d66c-53fb-ba46-4f079d83962a
ANNIE, 7c8f6e6a-5365-5817-8209-ca67f49c095f
ANNOUNCEMENT, eb9ad4e2-fd2e-5adf-8dec-eeea7ba85ae4
ANNOUNCER, 275bb7e3-a6b9-5240-9a01-3b7a8928925a
ANTIQUE STORE OWNER, b237eab3-6069-502e-868e-705ef6a09c7d
ANTON VANKO, c529e573-bfea-5006-8f0f-22c571c719ae
APPLE EMPLOYEE, 8f5d0817-ac9a-54b2-bfa8-04a4dd19bbec
ARMY HECKLER#1, f77b9590-5f71-5c08-9565-439744f34fa1
ARMY HECKLER#2, b275fa61-11e4-5698-914a-501e86f7b58b
ARMY HECKLER#3, c40f2bb0-749d-5d75-bb6c-e93ed5d2ea2a
ARMY HECKLER#4, 78182ce3-7ebe-50c1-8a1f-9e2510cad8bc
ASGARDIAN CITIZENS, 38fb5c66-13b9-5d35-9d37-c8297cf25a97
ASGARDIAN EINHERJAR, dedc28cf-cc07-5943-8721-5dc5ffd259b3
ASGARDIAN MAN, ba0e23b1-4593-5b5d-b49c-88229e9a15c8
ASGARDIAN NURSE, 9da54fdb-bee5-5e93-bf63-3f7aed82b47b
ASGARDIAN PA, 514a649c-e660-52ef-8006-fc6607d3a2bb
ASGARDIAN WOMAN, 296f38c4-aa3c-5645-bb1a-08c6eec794a1
ATT-LASS, f03f22c8-e545-511f-a9fa-1d09019775b2
ATTACHE, b400b6a7-3501-5460-97ea-5961cbdcb3d0
ATTENDANT, 4a4a085d-06b6-5ac7-ad2d-8a6b2c640c3a
AVENGERS JIMMY, b1f18d65-6d57-5539-95c7-6c25bf2f974b
AVENGERS KID, a1fbacf0-5164-5bb5-b480-ae686339821f
AYESHA, d8a1fa6d-b0b9-51a4-9b9c-df4bd17e60e1
AYO, 6e607dc7-031d-50eb-b71c-0ff698653640
BAD NEBULA, 28dbd216-ed27-5ba4-852c-9d3917df155f
BAILIFF, ee276b7f-3409-53ee-a7a0-8867466706d3
BALLET INSTRUCTOR, 8f9f23f8-e553-5cc9-9b02-78a8a8a22663
BARKEEPER, d9125485-dd2f-55f0-ac2d-dd324cc96f41
BARON WOLFGANG VON STRUCKER, c210a82d-ed4d-56c2-a551-3ada3cdbeb37
BARTENDER, d2fcce9d-3f5e-54d2-93d8-a6efea9bd8e6
BBC ANCHOR, c1c47b59-e404-50b3-b7ef-ba13a1771694
BETTY BRANT, b30098a9-0a1e-51c3-bf74-5d9bd9f2d517
BIKER, ef36bb8b-08f0-5e15-942b-5eae9f4639df
BILL MAHER, dd13925b-fe22-53b6-aa73-be702350bab1
BITCHING-BETTY, 73185738-c0b8-5286-b274-3a2e01895565
BOR, d15a1ccd-8ea1-580f-8eeb-0601dca9e758
BORDER TRIBE, 9f25bad4-354d-501c-bdf3-0c38ff4b5230
BORDER TRIBE COMMANDER, 6c09b233-9d30-5705-bf79-d954602e8737
BORDER TRIBE ELDER, c4f10ae1-ae1b-5037-b1c1-aaca48aeaa97
BOY, 848fe546-8601-547a-8d2a-3a536170859b
BRAHL, 4a6f926f-147e-5a24-a834-259a4218e789
BRANDT, af11ec10-bc6e-5052-8230-53b24c1a7462
BRANDT’S AIDE, 003dac6b-8c94-5279-8fb9-916a830ed3af
BRIAN "TINY" MCKEEVER, 5a13b72f-c9f8-5766-8c2d-aa645bee6416
BROCK RUMLOW, 8ef724fe-5a66-529a-a169-ae8ae064d5ef
BRON-CHAR, adf76dd3-bde3-5ef8-bafa-66cd2bfb401f
BRUCE BANNER, 78fb253d-45c2-56d5-b6da-e84d3d3030e4
BUCKY, 5ca1c3ba-1ef8-5869-89dd-2e8e6bb45a8a
BUCKY BARNES, 1f5b1957-861f-521f-ab23-8693b34a9dd1
CAB DRIVER, d940eec4-2ed8-58e9-b783-f6afd36dfa93
CADETS, 190d8f24-80fa-5b4e-8fa1-1aaa263e6e35
CALCUTTA WOMAN, 2152b217-e7f3-5a3f-b953-2f0319b1ef73
CAR JACKER, c86e2c83-c7fd-529d-b1c2-d09f164f511d
CARGO TRUCK MILITANT, 472c0259-39b9-54bf-b74b-6ddf1067a62c
CARINA, c49a512e-be9f-5ee8-8c5a-c7364aebf572
CAROL DANVERS, ea96a8b4-f8a4-535e-8412-d582ecec3dd9
CARRIER BRIDGE TECH 1, b083b310-6087-5640-b218-3226e5f89bb3
CASSIE LANG, ee9c03ac-4251-5042-ac85-986db9228a17
CHAD DAVIS, 7e0147b3-5b05-566c-82ff-fa6b7e64edeb
CHAMBERMAID, 7b906afa-d4d9-5d5d-86f9-596c7b47410e
CHARLES MURPHY, 84a458fc-d566-51b0-8555-8a09e714126c
CHARLIE WEAPONS TECH, d9344f9d-9fe8-5b7e-b1f2-20284ae9575d
CHARLIE XO, 0f94d57d-189f-5310-9cec-483ef2e1d0ba
CHARLIE-27, 1409aa92-92e4-571a-9494-fbb7e60e117a
CHEERLEADER, cd356b81-99df-524c-b619-54671aefd5d0
CHRISTINE EVERHART, 4565c579-6998-5d3c-b8ff-bc16ff95a0e1
CIA AGENT, eb13e397-6075-58bf-bb4a-09db9192278b
CINDY MOON, 5811db29-da50-5368-a8ec-a4c4bc87bf63
CLINT BARTON, 375d6fa4-c5bf-5f0d-9c9f-9535bb76764e
COACH WILSON, ff125ef6-fb9d-526c-bda0-c1f44fce8e75
COL. CHESTER PHILLIPS, ecf28254-7f02-51f1-af24-ee1c0fe8dce0
COLLECTOR, e9e731b5-c0cf-500c-ab99-d6760bc89c57
COLLEGE GIRL 1, 31a2eaf4-c1d5-547b-bcb2-65e2770f9d1e
COLLEGE GIRL 2, 8892b882-9432-57a3-a12e-8ba1e5555376
COM TECH #1, 0f55b61f-e2f2-500d-828e-74a823078201
COM TECH #2, f5b96ee5-4fa1-5330-ba8b-2a29048f848f
COMMERCIAL ANNOUNCER, d9e23020-8441-5ac4-8a48-ad894315b7d1
COMMITTEE GENERAL, 4933d1fe-2b35-5a77-8590-6ada2a3d5aad
COMPUTER, d31a4b04-d2b4-54b6-8a61-ff1ab9173cbe
COMPUTER VOICE, 4436656d-11cb-55e0-bfe6-86ce9d87c1d4
CONNIE, 94165930-36cf-5d69-8b4a-50f983cc9c5b
CONTROL, bc92d9d0-7824-51b2-886a-a351e88ec4d1
COP ON SPEAKER, ea69d1bb-ebe2-5ecf-948e-1f1e887ffef0
CORPORAL, bdc3f21c-7135-50f9-8ab5-df43114795d3
CORVUS GLAIVE, 7f64ba4d-9023-56bc-9bbe-6ba5ce310c65
COUNCILMAN, 0bb6e501-2277-5452-9929-d01fbf206bcd
COUNCILMAN 2, 44c7ca02-856b-5445-8676-f59bc333e71d
COUNCILMAN HAWLEY, 909d9561-c874-57af-b3bd-5a0c728ac02d
COUNCILMAN ROCKWELL, 7df4b1ca-9a52-5cce-a286-31c2e6de50c7
COUNCILMAN SINGH, 6ef481d8-231c-53d5-8379-53886d861131
COUNCILMAN YEN, 5801e4a5-b24f-5117-ba05-b76414596c03
COUNCILWOMAN, c1bbdd2e-b2aa-5c33-bfd1-87a6d799eab4
COUNCILWOMAN HAWLEY, a5f8b2bd-29fa-591d-94dd-1c463d6d7ef6
COUSIN CARLO, 93b92e95-68cc-577a-b8d0-a28f4047ef9c
CRAMER, 14deaf70-5d6b-5ac4-9864-468e32d9eb14
CREW, 7cc95b06-03ef-56dd-95d7-1568585750c1
CROWD, 48a2fbde-21e1-5c56-885a-d3b84b899436
CULL OBSIDIAN, ceea2ed3-0bf2-5ee6-b657-11d612607ee8
CUSTODIAN, de3fcfca-1929-57ff-84a0-083ea3b3e085
DALE, ec544454-ac52-5f6d-b435-8797269e6c2f
DARCY LEWIS, 612e931c-ae04-56d9-a6d1-cb28ee29c3eb
DARREN CROSS, 7e3723ff-e17a-5c64-8958-6980ce5212bf
DAVE, 5fdf183e-ffd5-5818-981d-5e71d1875762
DAY SLEEPER, 5b058b8c-364a-54df-b8b3-7f75a9a6ff26
DECATHLON TEAM, f8312af9-2a6d-5ab0-963a-23b9f31e5326
DELI CLERK, caef64df-b6e4-5166-aa10-5ab34566e8e0
DELIVERY TRUCK DRIVER, 1f3c3130-bfb2-576d-a18f-a8209663f02b
DESK OFFICER, 2f7bbdb5-1f98-538d-8732-72c683aa16af
DETECTIVE, cdb90dad-2d2e-50f8-bfba-10cc5ee33aec
DIRECTOR, 8f3ce023-6f23-5b55-b132-46ea41318cbb
DOCTOR, cd9c4737-218e-51d8-b4ca-9467dd8167fa
DOCTOR #1, b5119679-0768-5be6-9a47-89c523acbdee
DODC AGENT, 33f81ffc-e990-5582-a5d4-9dd87c387cb1
DODC CENTRAL, 8176adb4-3f7e-567e-a11a-e38df823ad60
DODC DRIVER, 2779bedc-d99e-5359-8adb-55627d16c40f
DODGERS ANNOUNCER, 6609c062-9ce1-548d-aa6d-1893c66e2970
DOME CONTROL, b1f53dba-98ea-57d5-a72d-9974c25171fe
DORA MILAJE 1, 1cc9e4be-1b1d-5398-beaa-eeb0788c255a
DORIS TOOMES, 68a041ae-86fe-5aa3-9ca9-f50030db0e0d
DR. ABRAHAM ERSKINE, 746256d7-4cc5-5f21-9a96-13ee5cb91ffd
DR. ARNIM ZOLA, 27a2055d-c267-5c1c-ac5e-005ea014ec3b
DR. HELEN CHO, 34620a01-9b15-5b3d-bc0d-15bae7cd1922
DR. LIST, 40120e52-5f59-5a4e-8ffb-15a621c1a965
DRAX, 6f1e7108-4c7e-50ca-9c1d-c6048d2792cd
DRILL INSTRUCTOR, 0f833546-15bc-5644-933c-ef21e8729386
DRIVER, cb912d78-58db-578e-99c7-00af999874a4
DRUNK TOWNIE, f318a73d-a15f-57e8-96d0-3d853de4ef2d
DRUNK TOWNIE JAKE, 713bfb8c-c4fa-56b6-9497-21fba5c16259
DUBAI BEAUTY #1, be207f5e-0f18-5007-a724-c0f10fc57223
DUM DUM DUGAN, 5c8c9ca6-89bc-5d43-9377-8da51e68bd24
DURAND, 955ad593-83fd-566b-8992-13199fee061f
EAGER TOWNIE, 19d51566-971b-5a76-9a90-b8876416976f
EBONY MAW, 0af61b9f-ec27-5f95-8aa8-c83dfde8ffb5
EDWIN JARVIS, c8715772-27ec-5e92-b63e-0f2aa3f60a28
EGO, ac03fd76-0e14-5446-9369-78ac2e25ecc0
EINHERJAR GUARD, 52391f44-544d-574b-a533-68cff78b13d7
EINHERJAR LIEUTENANT, db8a7786-ef18-5f8f-8079-24769768cd45
EIR, 38fb9601-9ce9-52cb-9b3f-cde65156852f
EITRI, 6a656bba-03b4-5502-bf77-b2457a0aa2ac
ELDERLY WOMAN, 09c00ae8-d406-5aae-b366-cd173e99ee7a
ELECTRONIC VOICE-OVER, 1a47280e-f940-5f25-983d-4c88baaa5ba1
ELK RIDGE, 328697d2-cb82-5c08-9fda-7294ddebe9a3
ELON MUSK, 6fa01227-bbde-5c71-b463-b7ee5307c973
EMCEE, 80ed7088-cb63-5535-888a-1bf87ca40877
ENLISTMENT GUY, c26b3565-bdaa-5f1e-ab5d-1340a1fdb6cc
ERIC SAVIN, 49ec85ad-26a6-5910-bc42-7dc112d10ed5
ERIK SELVIG, 70744693-c93e-5cc1-98c0-55257e921ffc
ERIN, d3f9cbe8-563d-561e-b0ba-f43b57689aa5
EVERETT ROSS, a54178c5-b493-5b64-bc35-888bc360675b
EXPO ANNOUNCER, 79aa85e5-a8d4-5ff5-b94f-be3e65f0874c
FACELESS PILOT, aa761221-4e70-5001-a56a-522bdf7dfc35
FACILITY MANAGER, bf54938d-e9cd-5157-a336-e71309a1f4fb
FAMILIES, ea2f557d-a7b8-506c-be5f-cdb1d5ca9e82
FANDRAL, 73f80595-29bd-5852-bf6f-3bb971d31347
FATHER, ed87f095-e560-56e3-bae5-4b57e66742f8
FBI AGENT 1, b3a66504-c0fb-5f23-b6d3-a7d4459f8daf
FBI AGENT 2, 5b6099e1-885b-51c4-8ee5-4497870e76d0
FEMALE CARRIER BRIDGE TECH, b1fd3e9d-f894-5f30-a783-f65d4a1d417d
FEMALE CITIZEN, e678bf48-1464-5b15-afad-0e6db6f91102
FEMALE NURSE, cbf7cfc9-ea05-51bd-8a58-4bcff50486ca
FEMALE SHIELD AGENT, 53d9a54d-d18d-5910-b55f-230525ad5267
FEMALE WAR VETERAN, a6b188bd-0cdc-5a5b-bfe2-798a739a0c8a
FLASH THOMPSON, 36e78440-6dca-54a7-9308-9971272c94af
FORTRESS SOLDIER, 152725d5-8d55-5df0-9693-07990ed6060b
FRANK, 0a4421f6-cb4b-5347-a035-a4b389dde17b
FRENCH AMBASSADOR, 7b8118ee-1ebe-5608-989c-bdb826b24517
FRENCH PIRATE, b89416d5-caf4-5ac3-9a0c-09f23654dc14
FRENCH PIRATE #1, 0c41865e-4f30-531f-8446-5351c6bc4487
FRENCH PIRATE #2, 1178de75-0ab4-55d7-a357-42ec5d4e70b9
FRIDAY, 651e854f-1ddb-59e3-8f9c-75c874c44edc
FRIEND, 6931b0f6-0cbf-52c5-bec1-fde9f6c5a6a2
FRIGGA, f529073d-5470-54ad-be37-63e691299eb9
FRIGHTENED PILOT, bf0e9205-c2da-512a-be46-4ce83c13baac
FURY AND MARIA, 2f8e7a95-3003-5d3d-8e09-dae55ddb60dd
FURY'S CAR, 7af05137-b4f8-583a-99c5-c20027a3b49c
GABE JONES, 2d35e6cc-2416-55e8-b48d-3ac08999dcac
GALE, 3432c3c3-735b-5827-8b25-152f326bb95a
GAMORA, ccd7ce3f-a266-5f77-a59f-6cbcb71c09e0
GAMORA'S MOTHER, 04798a1b-1fe6-5e86-b9e9-4387c05b1101
GARY, 5e63bc03-85d1-57f3-90a6-7235179c75f5
GEF THE RAVAGER, e17a3a56-dc45-5528-b39e-a8c194d2d1d2
GENERAL, 6f021d27-8d0f-50bd-90c2-5c34939b1dae
GENERAL GABRIEL, 33f18fc5-17ae-5777-aaef-9cc6a67a7460
GEORGES BATROC, e090451d-2d53-5cb3-8268-992a3da48baa
GEORGI LUCHKOV, d55107f4-cbd4-5152-aee7-4d540bdb2d8c
GERMAN INNKEEPER, 75b22998-2e57-5f81-9fd7-fe93d6797601
GERMAN OLD MAN, cb64e538-cc05-5e2a-8f55-c7648da51826
GILMORE HODGE, c86c8895-fd90-5664-a878-374dabca963c
GIRL, 05fa706f-19ed-57c3-99fc-2a827ceb657e
GOLDSTEIN, 0c8c55f9-f0ac-5dc5-9efd-4dd8ea665703
GOVERNMENT EMPLOYEE, b66bd565-2067-586c-9bda-3e5517a28865
GOVERNMENT OFFICIAL #1, e567656c-7931-5090-be45-07a5d40920d4
GOVERNMENT OFFICIAL #2, c65893c6-8142-5eb0-8be3-8e218dc93751
GRANDMASTER, 545d0fad-a436-543d-a1b5-4fb8a9dc4ab6
GRANDPA QUILL, 1b7c30b8-94e1-52c7-8486-e6034607bba6
GRIEVING MAN, 2f2a0d8c-d40e-512c-938b-16bba55924f5
GRIOT, 835c3ece-7e6d-576b-ab93-76c758b00816
GROOT, 359d474d-00ec-5991-8570-08095b9c6d99
GSG-9 DRIVER, 66f70b28-e69b-5164-b05c-d458b394f515
GSG-9 SOLDIER, 4786a3cd-d906-5dfd-a813-45157fa632e0
GUARD, 398b6789-0e24-53bc-829a-2bae70532ab5
GUARD #1, 12f00d60-d4ce-50f1-a979-392d361f12c1
GUARD #2, 53d5bfc8-bc35-531b-ab40-c26a3c96f1b1
GUARDS, 08c870f1-9f2e-59e0-80ac-1bdd43293727
HALF-NUT, 914b810c-da81-5953-9b65-63bd68ce9748
HAMMER SECURITY GUARD, 2c8e77ad-904c-5155-a35d-bdc21ef8668e
HANK PYM, 550d75ab-33f0-5cdb-be9b-1fbeb918a224
HAPPY HOGAN, eca6952a-f5b9-5f35-8c7d-dd10bd1ff502
HAPPY'S NURSE, 18573412-e2d1-5bef-93e8-0014c5019701
HARLEY KEENER, c0b6769e-ecc1-532a-9401-c825b0b911b3
HEAD ENGINEER, 3fdc0105-76e6-54fc-9a8a-598b033ad7d2
HEATHER, 1753563f-7e5d-56a9-876a-9702e9e40c08
HEIMDALL, dd103df1-bdcb-57ad-9d50-f50a235c91ec
HEINZ KRUGER, 36f1636e-4a92-5d55-a2f2-2fefa4503d73
HELA, 58bc0d17-cb48-50de-8a93-fe6162ad3756
HELICARRIER INTERCOM, e8060d0b-1812-5bef-aaa6-a62b34ec2cde
HELMUT ZEMO, 8d08f1ac-d5a9-532a-9c5a-bd8269ff165c
HERMAN SCHULTZ, d6ef3766-7f80-5683-99a1-9ef96b32505e
HIDEOUS RABBIT, 90d48a51-6178-58bf-b154-b84a9132809a
HISTORY TEACHER, adf286ca-88a8-5612-9950-45c92948c1b5
HO YINSEN, 86d138a2-85c7-5431-8d40-66e631bfef54
HOGUN, 0d62e56b-bbf6-5b17-adcb-cfdca5900a71
HOPE VAN DYNE, 52dbb287-a102-540a-a339-cd2a6c631ef4
HOSPITAL NEWS REPORTER, 1bc63b87-1773-5fc3-bcaf-4b3945553f18
HOWARD STARK, 5fd74e70-e177-5f74-914c-7ee6756e9615
HULK, e2af3af1-5608-5c74-8221-da7dd271a408
HUSBAND, c9a6ec73-7f84-59d4-b9d6-3e3061c893ae
HUTTER, 40c7bf2e-9ddd-55ab-8955-3d02fb2c9795
HYDRA DISPATCH, 5a3224ea-3953-5abf-8673-1a93cddaa836
HYDRA GUARDS, 35984fb1-a1dd-50b0-9844-8c75ed7949af
HYDRA LIEUTENANT, 485ef018-e959-5441-91b8-662df54cbcb1
HYDRA SOLDIER, 5d4463c4-dcdb-500f-a727-cd965cad4042
HYDRA TECHNICIANS, 6c5d4e21-6349-55ad-b30c-83638fcea769
IAN, fd908e59-46d6-5ade-9067-660b978328fc
IAN BOOTHBY, 1c996642-3e3f-5341-8bd2-379a454f817b
ICE CREAM STORE CUSTOMER, cecdfd88-cfa5-5be8-8c86-95656571e58c
INTERCOM VOICE, 5c00084b-3df3-58bd-98b9-492a4e9cea26
IRON LEGION, 0ce29464-0cfe-52e6-aa8e-378867038dc1
IRON MAN JIMMY, 5169b926-ef2e-52af-9392-1b2c719b6ed8
IRON MAN KID, f1f6d014-9fa2-590e-9cdf-f61be1d4f5f9
ISABELA, 82f17f89-7daa-58ec-8939-a2fcf21563da
IVAN VANKO, d8dc19d3-edac-55fc-954d-959b0422eeb3
JABARI WARRIORS, 99d46bb4-d651-5e23-8853-71744c9f86c0
JACK, d1571d0c-19dd-5835-98dd-c0299fe7921c
JACK ROLLINS, d5bc13c4-e08f-534d-bef2-346554ed642f
JACK TAGGART, 43b41877-ea7d-52a4-b0c9-7dd0e9fb40a7
JACKSON BRICE, 05313642-7dae-58cb-887d-c91665808fed
JACQUES DERNIER, 77578be0-d4b1-5643-9b87-eea9f7fa2ffe
JAMES "JIM" PAXTON, 1f4161c2-5d2b-522e-a1cb-af76d637423b
JAMES MONTGOMERY FALSWORTH, 151753be-fe71-56e2-bbfa-b3fd7b04e1b2
JAMES RHODES, 0ed979e5-d7de-5636-a2b3-04a0cc8d23ec
JAN, 8e861853-94ba-52bd-8269-4c29f30fd72d
JANE FOSTER, a19a4f38-9b97-5d4a-9cfd-9fa8388bde78
JAPSER SITWELL, d036c001-3147-5b57-8e58-da82b0c63916
JAQUES DERNIER, 72c1f399-a554-5b15-b9b1-4f40f9256bd8
JARVIS, 0ed84405-e673-599d-a565-c9206cb48653
JASON IONELLO, 27454bc4-561c-5828-846f-71b0278b3fae
JASPER SITWELL, 8caef160-948b-5654-90fa-55b767ecfafd
JET PILOT, 5d732189-1d30-5a2e-8e68-dd4775556b88
JIM MORITA, 69ab5146-138d-5403-b028-61f2e005b521
JOAN RIVERS, 83ef0eed-834f-5913-bc23-90597cc934cc
JOSEPH DANVERS, b2d755db-f1a3-5914-901e-dbf323ef05a8
JOTUN, ce48f041-c3e0-5b3e-9706-decca30690b0
JOTUN SENTRY, a0869057-6e64-564f-b10d-81243d067f03
JOTUN VOICE, b4d5c217-acd3-509f-8906-e82b6bb960d0
JUSTIN HAMMER, 14766f1b-1160-5e0a-a392-232edee0d128
KAREN, e1bf3c24-ae61-513d-b216-a0a46a58108b
KHALID, 1f1f3abe-d187-5fc4-a8fe-f94fb070234b
KID IN THE BACKSEAT, 0bdd3178-4efa-5cd4-8fd3-fe4eac0d65a5
KIDS IN USO AUDIENCE, 8674c18c-535f-5814-977a-ce23eb6b20dd
KLAUE'S MERCENARY, 0cfb9377-e3a6-50c1-a259-a30e0c2d58d6
KORATH, ca9f236d-4f6b-5a52-8929-367a825c4488
KORG, a2fa7e80-88be-5305-860b-2b9c515944ce
KRAGLIN, 9b4c2942-c28c-59b7-8e51-63ffe9c1be40
KREE, d642de00-bfd1-508c-aed7-c87546e6df78
KURSE, f3c6e7f3-1468-50f8-a0b6-021254ddcd72
KURT, 9ace14f8-ab60-5ed0-9dab-f6cf7e1e492d
LAUFEY, 44fee5b7-da2a-5eb4-b0bd-7b5c0210e110
LAURA BARTON, 60915db2-887e-5b50-af5b-46f3f57e036e
LEAD SCRAPPER, 25043fde-8491-5f12-bbbf-a00d53a4e453
LIBRARIAN, 43860dd1-64cd-5471-87ca-615025fab05d
LILA BARTON, 10ec5d9d-b1da-50bc-8ed0-27ff966229cc
LIMBANI, 10b75540-0f57-50a2-964a-086ad779d789
LINDA, 3b0fbb03-6ec2-5281-a99e-ba8ec0a83de3
LITTLE BOY, cef30565-30fb-5b80-a8ba-71dea727f770
LIZ TOOMES, 28cabc60-fe52-525e-a301-3f3f1096a0a4
LOKI, 56590de3-cb81-55b3-889d-51fb0838c664
LOUD JERK, 46930dbb-2879-5be3-b945-3e45be1c26e6
LUIS, a61f7564-b8f8-5601-9ac0-50bb648852b3
M'BAKU, ecb746fe-d6ae-5327-87ee-cfc3fbecfd30
M.P., d93f82d6-62bc-5078-ad31-5aefab05f145
MAC GARGAN, 0c1e1d0a-3b6d-5883-b2d6-522012b7112f
MADAME B, 013d7bc3-14c8-5d2d-85f8-d726d2427a23
MADDIE, e96cdd20-4665-5fad-bb07-64c2c499b349
MAGGIE LANG, 2ec35106-b382-5af3-980d-54a4035e9b50
MAIDEN, 9233f4c5-675c-56e3-8963-79d9b5c6d26c
MAINFRAME, c4cf0011-9916-5443-aea7-261de4ab85c1
MAINTENANCE GUY, acdd8fda-572c-5eb1-b2f9-522c7268302b
MAJOR ALLEN, 8811908f-58f9-50f4-ba2f-8cbf2685789c
MALE AGENT, 989ebd0e-e6bc-5b5f-81b4-bb3a147997cd
MALE CITIZEN, 56d11432-6fd7-5a07-a5e1-a4bcf292b767
MALE NURSE, f895f085-80be-5380-865d-bb2e7fa78edc
MALE REPORTER, 8382ceef-a568-5be7-8d17-b340b65bb4b7
MALE VOICE, c691d017-28bb-5115-bc95-afd6d342c64f
MALEKITH, 8eebecf9-5e42-5163-a9fd-32e3481da658
MAN, f7a3e048-4c81-5091-be65-b02cd7f30864
MAN IN CROWD, 160d781c-15bb-52cf-8537-e158ae5e3588
MAN ON PA, 065cb1ca-4d05-554f-b0bc-21350f08f5ef
MAN ON PA #1, 1df6a5d5-417f-52ea-b8a2-793acf5ed584
MAN ON PA #2, 1dad20e9-76ae-5c54-b352-cfb9313ec3d8
MAN ON SPEAKERS, 01ecf416-0724-51f9-9f51-f6e83ead92db
MAN ON THE RADIO, 53e0c0f6-14d6-5f06-8dcb-c383bd89a418
MAN#1, 52919991-5269-5f5e-8ae5-f753aafafa4c
MAN#2, 24199910-279d-5a9d-82fe-825321f7a8df
MANDARIN LOOK-OUT, f8b5a8d2-57c2-52c5-af08-0b99eed2883b
MANDY, 4f7f3863-9083-5292-9577-89df6e351131
MANTIS, e326bda4-d313-5266-a40d-eedbcdf00ee5
MARIA HILL, 3851edf5-4d21-58cb-b65b-79db9b9ab0af
MARIA RAMBEAU, 3979abda-1c88-5976-82f4-6cca7232ca4a
MARIA STARK, bd4bba50-f36d-586a-97d0-9b5e57acb61e
MARJORIE, 802e8e9e-5534-5c8f-a754-6dd32fecb2e3
MARSHAL, 2c9bead8-854e-5817-8086-2a9dddf0c91c
MARTINEX, 8b96ed12-580b-5672-9941-02ae6baf3679
MAY PARKER, 30ec288a-4df0-5420-8355-fc6bd345764c
MAYA HANSEN, c7ee1265-f92d-51d9-9dfe-45cfb725dabf
MEDICAL EXAMINER, aae906dc-14c9-558c-9ff8-347e741dffbb
MERCENARY, 0e898dcb-3a44-5aa8-a183-6e0a77380f5a
MERCENARY #1, 74ac2f6a-62fe-59f3-bcea-fbf9ecb488d2
MERCENARY #2, 84babed6-a6f6-5c82-b414-4af4c8ce792b
MERCHANT TRIBE ELDER, 873af1c2-5927-5169-9198-4a8391779255
MEREDITH QUILL, 9147d5e7-0d71-5b75-8929-09fdd39df5df
MICHELLE "MJ" JONES, b53cc6c4-a26c-542f-986a-f8bfbf8bff1f
MILITANT LEADER, 0b123256-63ae-5d34-bda4-d1c223fca836
MILITARY AIDE, 957af512-e3f3-5f06-ab37-63bc3fd628cc
MINING TRIBE ELDER, b6bc874c-38ee-5a54-9fbe-fa79a894f3c4
MINN-ERVA, cff56c7b-b1bf-54e6-8da4-f02a45e63bfb
MIT TEACHER, 8e3d8edd-8a75-5a49-a102-f3ebefa3dab5
MITCHELL CARSON, 62d468d4-86c8-530d-b71f-e34a3a6ba5bf
MODERATOR, 20f0febd-b52c-5332-88b3-3ec2b9ca3ca8
MONICA RAMBEAU, b57065b0-5dfb-5342-9bea-c21fb4cc980d
MORGAN STARK, 3c51c13b-496f-5d2c-859e-d6dd44d49e33
MOTHER, 3eebe7d8-7a74-5da9-9cf8-aebd0779126f
MR. COBBWELL, 391ccac4-7a71-5e3b-8a60-baa76f2931b6
MR. DELMAR, d9064b66-d963-5233-b36d-464e700dce20
MR. HAPGOOD, 577e3767-0dba-5156-9a75-5e72f91fc5f0
MR. HARRINGTON, 21a001fa-c949-55a3-9995-6e414c8f8c8e
MRS. DAVIS, cf263432-5d51-586c-af2e-54a214e87980
MRS. SPENCER, d0c27f1b-0b91-588f-a836-af4ebe83c46b
MS. WARREN, 33317f1e-1312-55cd-82d6-fdaef481ff97
MUFFLED VOICE, a1337fd9-b9b7-548f-8750-1211ebbc1eed
MUSEUM DIRECTOR, 2ae7cf20-be11-5eea-98f0-9c0a33afb811
N'JADAKA (KILLMONGER), a4f45b24-539f-5523-ade0-1ead797ee372
N'JOBU, 1b4d82fc-8f20-53a9-a094-6e8e6aa3c4d5
NAKIA, c58b8fa0-6d09-5a94-b445-a87895c91486
NARRATOR, c94bb3b2-9f9e-583b-8ed8-1a15ceed0a6a
NASA SCIENTIST, 6f5945f5-edf3-5a0b-8f40-d3358268c56a
NATASHA ROMANOFF, a63edbe6-0772-5369-addf-260df61caa93
NAVID, 3c81d1da-d2bd-50b5-be9a-65e94b8b4097
NEBULA, f88b7e21-3c79-5ea3-83b0-04ee2e14f234
NED LEEDS, 23dbc085-77bb-5071-bd66-968cca02cbe1
NEWS ANCHOR, 9e063d00-2848-58db-b6fe-6aa25059f49b
NEWS ANCHOR #1, bb158242-7b9b-5915-bec4-195217208615
NEWS ANCHOR #2, 69fcbf5c-865d-50bf-a6d3-9322c04dd735
NEWS ANCHOR #3, 7c375563-ce40-5d75-a80e-6bfbc2d4cf34
NEWS ANCHOR #4, 80af22c6-e2a6-5d26-ad46-148aea0d25ba
NEWS ANCHOR #5, 2f9938ab-ec65-5d72-adad-9b30c34de975
NEWS READER, 6207faf8-c805-548b-8a83-0128347609b1
NEWS REPORTER, a455af81-3206-5ed4-9e25-6cda53c57335
NEWS REPORTER #1, 7d6d93bb-f354-5d29-be07-d9e7d35b4ecc
NEWS REPORTER #2, e839ef6c-d037-51aa-8a73-2cd4b76ee867
NEWS REPORTER #3, df17451a-d207-5a8a-b2a1-6f26a851040b
NEWS REPORTER #4, ad879461-a403-56b0-8ee8-79e2f8235f90
NICK FURY, 0d5d2dd0-e740-51a8-a7c4-a1abf62a765c
NIGERIAN MILITANT #2, d22f866e-762d-5a2d-b23e-23badf937201
NIGERIAN WOMAN, 23db6be1-7cf3-5f21-b6a4-02638e2fd6ea
NOVAR, 576e66fe-4634-5ae7-ae2a-4d060777d963
NURSE, 92dafc43-e335-5c1b-95c3-c7081824bea5
OAKLAND KID #1, d586427f-e819-5cd6-ac25-7c2f6e1d2690
OAKLAND KID #2, 1112ca59-6b93-5671-ad3c-345a9e278cad
OAKLAND KID #3, 8f64b75a-4c5a-5f32-a776-0b8870f4e62a
OBADIAH STANE, 6b1b87a2-0cfc-5d5e-92be-06007bb03cee
OBLO, 662e2a6b-ac5d-5ce3-bba5-3c43bb91fe50
ODIN, 99b670c3-59df-52a9-bdc0-04049539dc52
OFF SCREEN WORKER, 29ca3d0a-4011-5204-b5b1-023259dce5db
OFFICER, dc2e58f2-b250-57dd-b5de-df57e1bf3572
OFFICER #2, 43732aa3-0946-5e29-a66c-10bc4931162c
OFFICER FITZGIBBON, 6ca3bbeb-cb15-547c-bfa2-04e2e21f8a95
OKOYE, 7d654b1b-aafe-53fa-8a02-4a38357c046e
OLD FOOTAGE RECORDING, 986db8f1-873a-57cf-abaa-2897d246d85f
OLD MAN, b8505acd-8496-5ae5-a3c3-181de65a6387
OLDER MAN, e862de50-80df-59ee-aeee-40b3c4cd1299
ORDERLY, 799e9657-9bc6-5539-b691-9658f7a950bc
PA, c887e96a-b56e-53f8-864a-fdded751d8a0
PARK RANGER, 2bc3e11b-71ae-5aa1-9262-d4df6d6f5dd4
PARTY GUEST, b048f4d3-68f6-5705-80a0-e16ca9e7514e
PATIENT, 95467596-5cf3-5d5f-89f0-c0e6c8652164
PEACHY, 19fd9a03-ee7d-5b19-88f1-47a4bce11af7
PEGGY CARTER, d5f7a64b-6e8e-5b1a-8248-0c1d3c25c080
PEOPLE, e8c5acf1-686a-5c32-9397-2a018ea7f91f
PEPPER POTTS, dde379fb-a41d-5eaf-9553-eca6fa869cae
PEPPER'S ASSISTANT, 87449eee-5f92-5066-b9fb-2851fbf9a9a2
PERSON, 83c80f03-194a-5295-bdc0-eb17e43bcfbd
PET STORE CLERK, 596b731a-e9f4-56dc-8206-c41baa942e6b
PETER PARKER, a6ae1d91-1c5f-55a7-a832-6762f37075d5
PETER QUILL, b2a9f573-927d-583b-ac25-92c7f706b323
PHIL COULSON, d6d7cef7-f38e-58e2-8163-4f876a5abc8c
PHINEAS MASON, e60c77bd-95a7-50c6-93cf-7d553b88c0a2
PIETRO MAXIMOFF, e502b0c9-9431-5b5a-b134-57ef318b1564
PILOT, b2895b33-6e60-58c6-83e4-bd6e313a17da
POLICE, f29c50af-b0c6-5dd1-8ad9-8e2a53fec536
POLICE OFFICER, da963f20-21a1-5266-8ff2-30638f1288fc
POLICE OFFICER #1, be4e1340-004e-5dd2-80cf-4fa9f0ca1df3
POLICE OFFICER #2, de5518ba-5e9d-5e53-925c-6b59ec3480af
POLICE RADIO, 54092dbd-f41f-570e-94f0-39cee581eaf8
POLICE SERGEANT, 4bb8a273-ce54-595a-ac9d-6c5a1248aef5
POOL BBQ DAD, bc6e83c2-4b7e-5f86-aa73-fe68fc342631
PRATT, 0746d7c7-04bf-5ceb-8091-b2fb04e95eef
PRESIDENT ELLIS, 32a3d1fd-1fec-5828-ad12-a291732b093a
PRETTY MUCH EVERYONE IN THE CROWD, ff844007-4289-5e96-a19f-3a75d58abe81
PRIEST, 6fdcd4a0-778f-5098-9ee6-cafd39be8853
PRINCIPAL MORITA, 6a820b0d-cdd8-5c31-bf2e-b0909d490400
PROPRIETOR, 8b8ea25d-ecfe-5d4e-82e1-eb257d27398a
PROXIMA MIDNIGHT, e4c9d968-78cc-532e-b07b-1a0ed9f530a9
PUSHY TABLOID REPORTER, 09084b38-8102-5394-8564-946489f4d8e3
PVT. LORRAINE, 382651eb-3f26-5cce-8e4d-42dfa5885686
PYM TECH EMPLOYEE, 130e9c10-0210-5969-98d1-1072a0722e67
PYM TECH GATE GUARD, 066e0a2e-077d-56a5-80e1-d3d0f7e0f844
PYM TECH SECURITY GUARD, 6720c465-a043-5704-b39e-fc130097f87e
QUINJET, dc4c8bee-949b-589e-afd7-08a629ed8fb6
QUINJET PILOT, e87e5462-1ba2-502b-9ca5-bb4b22ca4379
RAMIREZ, 64fc49a3-65a5-5971-923d-4be0e7a25884
RAMONDA, 82260508-3b71-5060-a726-f209a00fcaa6
RANDOM WOMAN, 54f05759-d4ec-5894-ba09-9b3c33e91da2
RANDY, 2b0a9a26-0062-5545-9a00-4490bfcf0b5d
RAZA, 4dc93532-8eb6-56b8-b1cb-38658471263e
RED SKULL, 19bee19f-647e-552a-9f94-9ca2b5ad49b9
RENATA, 0151042b-0698-5d21-80b2-2f188b582d1a
REPORTER, 5356e0bf-a248-5d48-84dd-9e7e623c21fc
REPORTER # 1, 0ca008cf-3dc0-558b-b4d7-ad2dbaf3565c
REPORTER #2, 02d27d38-1240-5de0-aacc-7f09ccfe067c
REPORTER #3, 2213ab8b-4301-57f3-8a15-46a3991a9c12
RESIDENT 1, cbdeb32d-0703-5a1e-8ca1-90489f21a7b9
RESIDENT 2, 8106d2ee-1a04-57e3-abd3-f5252361fbc7
RETCH, dfbf97a6-38e4-5e34-9c2c-d0cd99d1a879
RICHARD, ca27110b-b6a8-57a0-a5f5-62a6f529a726
RIVER TRIBE ELDER, 2ea9c28b-a92b-56b4-b3de-b6b62eb1d770
ROBBER 1, aadb6493-7f43-59d5-bc21-79a4799244b1
ROBBER 2, ef0e2c7e-f8b7-5e38-a800-6ab0a5f673dd
ROBBER 3, 26be3c18-c782-590e-b605-6065b4b15fb4
ROBBER 4, 6fc973c5-a00f-5d54-b444-96dcfa0ee594
ROCKET, 5ca16e13-ae66-532f-b110-94e506170e73
ROEDER, 4e916daf-2fd2-5b8d-af55-bca4023c6e34
RONAN, 8c0377d0-700c-5f91-80f6-1fab7ba61191
RONIN, bdedbb5d-7644-551b-b843-c9ab96dc0128
ROSE HILL CHRISTMAS TREE SHOPPER, f4a33997-a8eb-5411-a975-925885b659b4
ROSE HILLS SHERIFF, 7810fdeb-1042-5ecb-a947-4596ad79a57a
SALLY AVRIL, 7e7b5722-d046-5948-a36f-a85aada0622d
SAM WILSON, 686855b8-bab2-5895-85c4-820dedbcfef7
SCANNER, 89b91a19-a97e-5c79-b713-0c3fc2aeba99
SCHNEIDER, 68b2fee2-ad25-5f40-ab5f-5c79984197cd
SCIENTIST, 09bb79ed-83ce-5272-b084-137c8eca7265
SCIENTIST #1, 006f3259-19fc-5fea-9fc8-fa42af348f45
SCOTT LANG, 3fd09ec9-6c48-538d-9ade-9d41805949af
SCRAPPER, d0c94717-3087-5bf9-8871-3f31a03bd75f
SCUDDER, 61c8099a-1fb3-598f-9a54-73141ef74249
SCURRILOUS RAVAGER, 0212decc-4fa8-5376-b23f-8ae8ca70c973
SEARCH TEAM LEADER, 3098c2bd-81df-5d5e-9f80-fe03f8f1097f
SECOND GUARD, f8b28d27-e7cf-5864-89ee-be661c6fe309
SECRETARY ROSS, 73f1afe8-8fb7-5445-b5e4-53699f0ce001
SECURITY, bbe7cfa7-05ad-546b-bc80-343c8197b1c1
SECURITY CHECKPOINT, cbeed2ba-dd4e-5f3c-b832-8df36d32de14
SECURITY CHIEF, bac7b078-6648-5a06-9c98-8370f6eb139e
SECURITY GUARD, f0558e50-9f5b-5346-92f5-81c125edfba4
SECURITY OFFICER, 6595807d-a623-5a33-be1d-b175f27848cc
SENATOR BRANDT, 9623a975-7b9b-56d8-b49b-7f5186365a2b
SENATOR STERN, 131b15b6-5d83-56fb-beeb-eb003ee858f0
SERGEANT DUFFY, 1505a963-e276-572d-8912-ffae2b5b748f
SHAMAN, d548411d-c30c-5b05-925c-9f87db1e85d0
SHARON CARTER, 6c8cdb46-71af-5b4a-a98e-34d87d02266c
SHIELD AGENT, d521d9f4-9277-5426-95c3-273b73905481
SHIELD AGENT #1, bc06a0c8-2821-5d6a-aa42-636d983af333
SHIELD AGENT #2, 8b2b39f7-8a33-58e8-b0bd-a22632994944
SHIELD AGENT #3, d224ff52-5b5f-5094-850a-8e17aa1f9da8
SHIELD COMPUTER, ab18153f-8494-5449-81c6-7e835e3de015
SHIELD ENGINEER, 334b8857-743d-55ab-8e61-84dcb84d0632
SHIELD LIEUTENANT, abb03d9e-cfd3-58f3-a642-e3cc9781d8b4
SHIELD PILOT, 92aa4db8-1cf1-58be-8439-461850a88132
SHIELD TECH, d0c1ddfa-2c8e-5a13-9d85-b95a4d4c4fc4
SHIELD WORKER, ac944ba0-23e8-5e20-9002-622c61b0c193
SHURI, 69d71a47-ee76-503a-bd73-a4201a125008
SIF, 5f00a444-dfdb-5ba9-9637-044f3f40171f
SKRULL, 1cc668d3-257c-566d-a7d5-404269f16298
SKRULL SCIENTIST, 932c149c-cda9-5ed2-91a1-19ce360d3b58
SKRULL TECH, b27f3a2e-50f4-51ef-94be-1f87349b6ba3
SKURGE, 971cd50e-f917-5957-9b9d-953f0230d63e
SMITHSONIAN GUARD, 023d6c9b-e50d-5fcc-9556-f1f1a501cdfa
SOH-LARR, d08af5bf-1960-5f59-9680-efad6ffcfdc5
SOLDIER, 147c517d-225a-5af3-ba56-03a907e6198a
SOLDIERS, c3b39816-b83b-53c1-9252-b6a1ff771e5c
SOMEONE IN BACKGROUND, e791d57d-5140-5091-90b2-0ce857af5620
SON, 0ff3d6c9-9ab9-5b46-9876-aa9657bbf860
SOOTHING VOICE, e80825f8-cff1-5b88-afb7-c78ea8d50eea
SOREN, 9b5a6de1-5e44-5b41-aaca-635250ef827c
SOUTH AFRICAN TOUGH, 81f3aaae-2928-5d3c-b830-02b205803d81
SOVEREIGN PILOT, d332c129-6372-59ae-bf18-c7031022fe99
SPANISH TEACHER, 538b460a-2a6f-5bd8-91c9-8b32204e2bfa
SPECIALIST CAMERON KLEIN, 7428af21-3bdc-53c0-95b5-22f54827230d
SSR DOCTOR, 8def5ed6-ef7d-5336-8484-23ee1b0b6de8
STAKAR, 5061f51b-f64f-5dc0-814c-1afe342ed250
STAN LEE, 8ca82a71-b7f2-5826-8ad8-9652286c2286
STARK'S ASSISTANT, 9b17275b-8f85-55d2-95e3-186c23d60727
STARK’S ENGINEER, d34a9af8-6739-5332-8189-b3d1a6108ec6
STEPHEN STRANGE, f635e233-2272-54fe-95b3-8e7e62add149
STEVE ROGERS, 3d5e7ec0-7f4b-551a-ac52-985213c81910
STONEHENGE TV NEWS REPORTER, e3d7b03e-944c-5103-8da1-778eb5dbe9dc
STRAWBERRY MAN, 496eb8b6-c850-5bad-8830-f02b85eb0e63
STREET VENDOR, 2532dd63-0a46-5a8c-b15d-256edaa251fa
STRIKE AGENT, 0f66a999-71eb-5be6-8d0b-17f7eec499e9
STRIKE AGENT #1, 46377ba9-22e1-59f3-86fc-fb49e8efa844
STRIKE AGENT #2, 63d5a98d-589d-5b2a-90e5-e7e6ebf12734
STRIKE AGENT #3, a60baf13-15f3-5a21-8f81-f6f22ea56096
STUDENT, 79dc0355-4090-5cc6-8f40-e7a009e04011
STUDENTS, 4d55da8b-b412-5d96-a620-d93324eb13c0
SUPREME INTELLIGENCE, 3caed42f-9e23-595a-9fb7-426981322f66
SURTUR, 2ad8285e-c846-5ab1-94a1-9d6d74e1fbd8
T'CHAKA, f4053553-191c-523a-b719-a7e9a5ed98c7
T'CHALLA, bdfb1f04-dfed-56b5-aae0-7f57dc14daee
TALL RAVAGER, 6deb66bd-c7a4-57e9-a193-bb0a1af549e1
TALOS, 42469d0b-7b01-58ac-a3c0-5dbd65da9430
TASERFACE, b88f8c8c-36d3-51f7-b8ed-c2d717cd5c76
TAXI DRIVER, f37887c0-4029-5f54-8002-9e4404dcef61
TECH, fa8e6962-e0a4-5d45-9801-5040f38dbde1
TECHIE, 44f892be-47a2-5440-a70f-182df10bb63e
TECHNICIAN, dfb272f7-fa45-5cbf-8d7f-3242774a9444
TENT KIDS, 0ab21455-16ff-5a05-8cec-0bcce8592c11
TEXT MESSAGE, 441ebb67-dcbb-5823-a174-d70e9117e425
THAI WAITER, ec5c910f-f2ad-5a31-84d9-2e4c6c103ec5
THANOS, 35c5305c-715f-56a0-aa1d-81c6944f9b73
THE COLLECTOR, fe009c4c-81e7-5c53-9e82-3dc47fdf18dc
THE MANDARIN, 9fa3b4be-15d4-5000-8403-406663885d3a
THE OTHER, d8c2a818-ffd2-52e3-8bcd-aa737b852d02
THE SENATOR, 8813629b-639c-5037-80ca-30d4e5d3bac5
THE SMITHSONIAN NARRATOR, c0ff0180-7d5a-5fad-bfc9-3312e6092499
THOMAS RICHARDS, 8a91d5da-b5ce-5b91-85c0-41ec7a009d9c
THOR, 03abc033-e90f-5671-a2ee-9b2b0a632b74
TOM, e022bfa2-804d-5537-a875-c704dc46ee9d
TONY STARK, 5a7167c7-35ec-539a-ae5c-dc335e6fda95
TOPAZ, 3c1db066-dbe1-5a55-ac53-4c36455e0380
TOUR GUIDE, bb42bd1a-7c8e-5b23-9566-90402d9900a1
TOURIST, 3997839f-2c1c-5772-890c-8bfebf23598a
TOWER KEEPER, ebe12472-0e54-597b-87d4-24b3abb41433
TOWNIE, 81f2b24d-af5e-521a-8ef0-442532cf8451
TOWNIE PETE, e9e55c1d-7c9c-5aa6-869f-d76f085a7761
TREVOR SLATTERY, 35b14226-77a5-5a2d-96a1-5c7e98eed8c9
TULLK, b6d1d7e3-07a4-5424-ab9f-ad04493c333a
TV REPORTER’S VOICE, 5f2bc0c7-cd5e-5927-95ca-425d1bce4620
TYCOON, 0b6f21ef-6dba-5ba1-8c55-6efcc0adaa38
ULTRON, 9c57c7b0-3b53-5a18-929a-8e631b5a37cd
ULYSSES KLAUE, 8dd3881a-f34a-5473-a85b-022f1265c7b2
UN STAFFER, 0978fa14-cdb2-510d-92d1-6a201d217cad
USO GIRL, 5fa34ef8-687d-52e8-8230-97deea17d57b
USO SINGER, 4044c846-fce8-59bb-ac96-d8df56943bcc
VALKYRIE, be78a528-1189-5b89-86cc-487a47eff814
VANESSA, dba55b68-ac7d-534d-9a33-d61e0a0c9669
VASILY KARPOV, 89272bfd-42ac-5025-a7d7-a6f9e5c64cbb
VERS' BROTHER, 20e07db0-e4bc-5e89-87c9-376dca125c6a
VICE PRESIDENT, 2e62535c-19a0-5e29-ac4e-2a6733515469
VIDEO VOICE OVER, 1cd1474c-b393-5bf7-95f9-01c36e564109
VIPER 1, 9ac88e2a-c241-5ab8-872b-431184ae394c
VIPER 2, 24b68333-e3a7-54e8-bad8-57db157c0dc4
VISION, 86dd4e67-450d-5017-8290-ce132568bf61
VOICE FROM EARPIECE, 7c8767bc-15b3-532c-9be0-8e7c57fd27e0
VOICEMAIL, 3a36a342-db9f-5ef7-86f5-1c804ab0cc2a
VOLSTAGG, b237ef8e-478d-50ce-a8c8-fa35c9d867f0
W'KABI, b92da15f-95df-548e-9fca-ee2b648b48cf
WAITRESS, 04b13637-dc4b-5d27-b3ed-6e823485e6dc
WAKANDAN CHILD, f53dd404-0e3b-510d-a417-7d8bd9082d58
WAKANDAN CHILDREN, ae10e92d-3d00-5ea8-9ecb-98abd7344f36
WANDA MAXIMOFF, f721730e-f32e-57b3-9801-a2d2d5f4dd08
WARDEN, dc37a771-4d28-569c-b8c4-a1a0d1d917ac
WEASELLY THUG, ecc62a03-fbeb-5217-be8b-ef56748b3f4e
WEIRD OLD MAN, 1db8af28-b720-5a90-9d82-f78b5fd1952e
WENDY LAWSON, 66d6dc57-930f-5833-a924-8138116c0880
WIFE, 168ae0a4-646a-5a7b-9563-a997d90803a4
WOMAN, d9b33c21-5315-592b-af4c-c48ddb3ea531
WOMAN IN CROWD, ebde2c61-c8ab-5d14-9cfa-1b9f011401bd
WOMAN ON PA, 816f6011-07f6-5bc4-9c02-fa2cfd6e1e54
WOMAN ON TRAIN, 8c509320-1788-54ba-a8da-66fa05e407d1
WONG, fb3df3c9-8883-5b0d-a11c-6393e55cb25a
WORKER, 75265386-06e7-5ca2-bf15-125ca47892d8
WORLD HUB TECH, 574375f6-6f6a-5558-a665-e16a8d9a8283
YINSEN, 704fd0c6-65d3-53de-a1b8-31d15ca4f383
YON-ROGG, e00ca65e-a656-5ddc-9482-3601c7a2312d
YONDU, 0ed79496-a31d-5125-9f14-fffaec3d7f55
YOUNG BLACK KID, 04604515-b504-55f7-a564-b25875cc6a4a
YOUNG BOY, 9bdc4810-8211-50e0-8b71-3498a38e2eea
YOUNG COP, bb398a16-fc9c-51bc-8186-f2140fc8a97f
YOUNG DOCTOR, aa41114c-efc0-5101-ac8b-03f9e954366a
YOUNG GAMORA, 1540fefe-268f-5361-b13a-23a46696b585
YOUNG GIRL, 8602b80d-e9fb-5761-b408-f2f96d73e8e9
YOUNG KILLMONGER, 4ff23d44-7b8c-5460-9e63-4c7f13452909
YOUNG SHIELD PILOT, 620ccf44-213a-5002-89df-469b067d27d9
YOUNG T' CHAKA, 8cd8803b-dc21-5fb2-8a41-b9ecb9dccd44
YOUNG T'CHAKA, 23f305cf-71b0-551b-b236-5b9c72ab0e9f
YOUNG TONY STARK, d80b9b48-16ba-59d2-a266-8b588cb77651
YOUNG ZURI, a3d9d45e-dc4e-529b-a4f3-cedc2cabef84
ZEMO'S WIFE, 1f4ce560-07d2-5a20-a7e8-e1bb0e132b82
ZRINKA, faf988f6-8de4-5aa5-98e3-d81e017c09d3
ZURI, 6076c955-c8a8-5ebe-a413-9efb6f9a7925
